{"12616799":{"moderators":{"118682430":"creed_is_dead","92680597":"darke_girl"},"settings":{"lock_name":"yes","flood_msg_max":"10","lock_photo":"no","flood":"yes","set_name":"3na","lock_member":"no"},"set_owner":"92680597"},"84362162":{"moderators":[],"settings":{"lock_name":"yes","lock_photo":"no","flood":"yes","set_name":"⭕️Infernal➰Realm⭕️","lock_member":"no"},"set_owner":177958856},"76950056":{"moderators":{"174235190":"antispammeradmin","164293448":"alireza_mah_creed","135727521":"sorblack2","118682430":"creed_is_dead","134843111":"sorblack_creed","109722284":"ArashInfernal","134742272":"Creedantispam_helper_bot","163437093":"Aria_creed","167946378":"Creed_antispam"},"settings":{"lock_name":"yes","set_photo":"data/photos/chat_photo_76950056.jpg","lock_photo":"yes","set_link":"https://telegram.me/joinchat/CgKoigSWKij7-uZpEtLi2Q","set_name":"Creed Support","lock_bots":"yes","flood":"no","flood_msg_max":"5","lock_member":"no"},"set_owner":120304727},"69565279":{"moderators":[],"settings":{"lock_name":"yes","lock_photo":"no","flood":"yes","set_name":"sxs","lock_member":"no"},"set_owner":109722284},"64309613":{"moderators":[],"settings":{"lock_name":"yes","set_photo":"data/photos/chat_photo_64309613.jpg","lock_photo":"yes","set_link":"https://telegram.me/joinchat/CgKoigPVSW3o0eT6WnlUEw","set_name":"☞دور همــــے☜","lock_bots":"yes","flood":"yes","flood_msg_max":"5","lock_member":"no"},"set_owner":"73979927"},"78697357":{"rules":"\nلینک ممنوع😡\nاسپم کنی کیک میشی گوگولی☺️\n+18بن میشی عمویی😋\nب هم احترام میزارین🙈\nدعوا هم ممنوع😡","moderators":{"148086343":"AmirSardar_051"},"set_owner":"155718513","settings":{"flood_msg_max":"5","lock_name":"yes","lock_bots":"yes","flood":"yes","lock_photo":"no","set_link":"https://telegram.me/joinchat/CgKoigSw042VSsUUEaVM2g","set_name":"کلبه عشق","lock_member":"no"}},"61629392":{"rules":".","moderators":{"160530085":"hamidreez"},"set_owner":"158319251","settings":{"lock_name":"yes","set_photo":"data/photos/chat_photo_61629392.jpg","lock_photo":"yes","set_link":"https://telegram.me/joinchat/CgKoigOsY9BfxiZDk_nuiA","set_name":"🎈Khodemoni🎈","lock_bots":"yes","flood":"yes","flood_msg_max":"7","lock_member":"no"}},"56607769":{"rules":"چـــــــــتــــــــ❌ مــــــــــمـــــنـــــوعــــ❌\n\nمـــــثـــــبـــــتـــــ🔞مـــــمـــــنـــــوعـــــ❌\n\nتـــبــــلـــــیــــغـــــ❌ مـــمـــــنــــوعـــــ❌","moderators":[],"settings":{"lock_name":"yes","flood_msg_max":"20","lock_photo":"no","flood":"yes","set_name":"🐼 ցօօძ ƒяιєηძѕ 🐼","lock_member":"no"},"set_owner":"150456295"},"91515605":{"moderators":{"142110510":"MGDAMIR"},"settings":{"lock_name":"yes","lock_bots":"yes","flood":"yes","lock_photo":"no","set_link":"https://telegram.me/joinchat/CgKoigV0atWL4SXNo6Mr7g","set_name":"(without family)","lock_member":"no"},"set_owner":"142110510"},"91946257":{"moderators":[],"set_owner":163437093,"settings":{"lock_name":"yes","lock_photo":"no","flood":"yes","set_name":"aria#1","lock_member":"no"}},"98449588":{"moderators":[],"settings":{"lock_name":"yes","lock_photo":"no","flood":"yes","set_name":"Ho3ein Lovers ❤️","lock_member":"no"},"set_owner":"124928921"},"78889258":{"moderators":[],"set_owner":118682430,"settings":{"lock_name":"yes","lock_photo":"no","flood":"yes","set_name":"test#2","lock_member":"no"}},"77217613":{"moderators":[],"settings":{"lock_name":"yes","lock_photo":"no","flood":"yes","set_name":"کریسمس","lock_member":"no"},"set_owner":"124332960"},"66620303":{"moderators":{"62185385":"relation_medical","111509585":"steve_jobs_official","127631577":"mohammad_mzn7","138407036":"monsieur_lucky"},"settings":{"flood_msg_max":"10","lock_name":"yes","lock_bots":"yes","flood":"yes","lock_photo":"no","set_link":"https://telegram.me/joinchat/CgKoigP4i4-_ARSXpGfIUg","set_name":"GP admin","lock_member":"no"},"set_owner":"73316350"},"99262436":{"moderators":[],"settings":{"lock_name":"yes","lock_photo":"no","flood":"yes","set_name":"🔱 SilVeR-BoT Support 🔱","lock_member":"no"},"set_owner":99785203},"66743280":{"moderators":{"174866487":"Amir_aghrab","170656474":"Yalda_2022","90340055":"darkfear"},"set_owner":"174866487","settings":{"lock_name":"yes","lock_bots":"yes","flood":"yes","lock_photo":"no","set_link":"https://telegram.me/joinchat/CgKoigP6a_AWTWnKfPS-zQ","set_name":"🦂卐Å❡ĦℜѦß卐🦂","lock_member":"no"}},"73428062":{"moderators":{"144204244":"Bahardelfanazari","156694946":"rasa_m"},"settings":{"lock_name":"yes","set_photo":"data/photos/chat_photo_73428062.jpg","lock_photo":"yes","set_link":"https://telegram.me/joinchat/CgKoigRgbF5a7s4gVMZpeA","set_name":"gp👑BaHaR👑RaSa👑","lock_bots":"yes","flood":"yes","flood_msg_max":"5","lock_member":"no"},"set_owner":"156694946"},"33835051":{"moderators":{"175333967":"Xx_JOQD_SHAR_xX"},"settings":{"lock_name":"yes","set_photo":"data/photos/chat_photo_33835051.jpg","lock_photo":"yes","set_link":"https://telegram.me/joinchat/CgKoigIESCt45U8AR8bT_w","set_name":"☠{ØV€Ř ĐØŽ€}☠","lock_bots":"yes","flood":"yes","flood_msg_max":"5","lock_member":"no"},"set_owner":"151678671"},"62263080":{"moderators":[],"settings":{"lock_name":"yes","lock_photo":"no","flood":"yes","set_name":"Friends","lock_member":"no"},"set_owner":"142110510"},"85944568":{"moderators":[],"settings":{"lock_name":"yes","lock_photo":"no","flood":"yes","set_name":"sxs#1","lock_member":"no"},"set_owner":174235190},"72670072":{"moderators":[],"set_owner":"114273359","settings":{"lock_name":"yes","flood":"yes","lock_photo":"no","set_link":"https://telegram.me/joinchat/CgKoigRU23hAa1hiNxMz3w","set_name":"test#1","lock_member":"no"}},"70690378":{"moderators":[],"settings":{"lock_name":"yes","lock_photo":"no","flood":"yes","set_name":"FeedBacks","lock_member":"no"},"set_owner":134843111},"87196631":{"moderators":[],"settings":{"lock_name":"yes","flood":"yes","lock_photo":"no","set_link":"https://telegram.me/joinchat/CgKoigUyg9fGLGoz06qolQ","set_name":"gap","lock_member":"no"},"set_owner":"124332960"},"73532564":{"moderators":{"175439804":"Bestjok18_admin","139193135":"Saba_sy25","67069681":"Zizi_mh6","120591552":"sadaf_erfan","176894771":"hiddeneye","115366635":"sAnI_M1996","178591336":"dep_luvbot"},"settings":{"lock_name":"yes","set_photo":"data/photos/chat_photo_73532564.jpg","lock_photo":"yes","set_link":"https://telegram.me/joinchat/CgKoigRiBJTKMJPKO-2kWg","set_name":"تبادل با کانال  dep luv","lock_bots":"yes","flood":"yes","flood_msg_max":"6","lock_member":"no"},"set_owner":"176894771"},"66608212":{"moderators":{"159005512":"Farhad_tnt_bodam"},"settings":{"lock_name":"yes","lock_photo":"no","flood":"yes","set_name":"خونواده ی تی ان تی","lock_member":"no"},"set_owner":"159005512"},"69849974":{"moderators":[],"settings":{"lock_name":"yes","set_photo":"data/photos/chat_photo_69849974.jpg","lock_photo":"yes","flood":"yes","set_name":"RazoR","lock_member":"no"},"set_owner":"124332960"},"admins":{"67018895":"amircc_creed","164293448":"alireza_mah_creed","134843111":"sorblack_creed","109722284":"ArashINFERNAL","134742272":"Creedantispam_helper_bot","163437093":"Aria_creed","174235190":"antispammeradmin"},"78717082":{"moderators":[],"settings":{"lock_name":"yes","lock_photo":"no","flood":"yes","set_name":"aaaaaaa","lock_member":"no"},"set_owner":109722284},"91455689":{"moderators":[],"settings":{"lock_name":"yes","lock_photo":"no","flood":"yes","set_name":"باحالا","lock_member":"no"},"set_owner":159005512},"64110573":{"moderators":[],"settings":{"lock_name":"yes","flood":"yes","lock_photo":"no","set_link":"https://telegram.me/joinchat/CgKoigPSP-0ozacEMpSwkQ","set_name":"درخواست برنامه","lock_member":"no"},"set_owner":"130810602"},"86457395":{"moderators":[],"set_owner":"159005512","settings":{"flood_msg_max":"7","lock_name":"yes","lock_bots":"yes","set_photo":"data/photos/chat_photo_86457395.jpg","lock_photo":"yes","flood":"yes","set_name":"TNT family","lock_member":"yes"}},"groups":{"12616799":12616799,"78717082":78717082,"91455689":91455689,"69565279":69565279,"64309613":64309613,"78697357":78697357,"61629392":61629392,"56607769":56607769,"91515605":91515605,"91946257":91946257,"98449588":98449588,"78889258":78889258,"77217613":77217613,"66620303":66620303,"99262436":99262436,"66743280":66743280,"73428062":73428062,"33835051":33835051,"62263080":62263080,"85944568":85944568,"72670072":72670072,"70690378":70690378,"87196631":87196631,"48687411":48687411,"76950056":76950056,"69849974":69849974,"84362162":84362162,"64110573":64110573,"86457395":86457395,"43147248":43147248,"73532564":73532564,"68465002":68465002,"87251593":87251593,"66608212":66608212,"74828085":74828085,"77916608":77916608,"90991306":90991306},"43147248":{"rules":"〽️چت فقط درباره اتحاد چت الکی ممنوع〽️\n〽️احترام به یکدیگر واجب است \n〽️عکس +18 =ban\n〽️درخواست مدیریت ممنوع\n〽️تبلیغ کنید 💯 ممنوع\n👇👆👇👆👇👆👇👆👇👇👆👇👆👇\nلینک گروه بده به فاکش بدیم⚫️ایدی بده بگاش بدیم😏\n🔱🔱🔱🔱🔱🔱🔱🔱🔱🔱🔱🔱🔱🔱","moderators":{"89810002":"Ramin_king8128","120518968":"Amir_viper_x2","127183117":"Amir_eblis1","176926838":"Ccowboy","90693133":"Yv_negahban_bfc_vY","176894771":"hiddeneye","118058156":"DEMENTORS"},"set_owner":"120518968","settings":{"lock_name":"yes","set_photo":"data/photos/chat_photo_43147248.jpg","lock_photo":"yes","set_link":"https://telegram.me/joinchat/CgKoigKSX_CGZQLZLAWiyw","set_name":"🔱ʋɨքɛʀ🔱ɠ1","lock_bots":"yes","flood":"yes","flood_msg_max":"10","lock_member":"yes"}},"68465002":{"moderators":{"98788691":"alone_12_03admin","164510598":"Zadoband_parham"},"settings":{"lock_name":"yes","set_photo":"data/photos/chat_photo_68465002.jpg","lock_photo":"yes","set_link":"https://telegram.me/joinchat/CgKoigQUsWqCq8k6IfQG2A","set_name":"ALONE HACKERS","lock_bots":"yes","flood":"no","flood_msg_max":"5","lock_member":"yes"},"set_owner":"171481453"},"87251593":{"moderators":[],"set_owner":118682430,"settings":{"lock_name":"yes","flood":"yes","lock_photo":"no","set_link":"https://telegram.me/joinchat/CgKoigUzWomGvL9AO9aQWg","set_name":"test","lock_member":"no"}},"48687411":{"moderators":[],"settings":{"lock_name":"yes","flood":"yes","lock_photo":"no","set_link":"https://telegram.me/joinchat/CgKoigLm6TPtIVlc4iyqkA","set_name":"creeds","lock_member":"no"},"set_owner":"163437093"},"74828085":{"rules":"❗️آوردن رباٺ=ڪېڪ❗️\n\n❌درخواسٺ ادمینے❌\n\n⚔دعواے داخلے صد درصد ڪیڪ⚔\n\n☠دوڹٺ اسپم☠\n\n⛔️ٺبڵيۼ ممنٷع⛔️","moderators":{"106708898":"Artesh_taknafare","173404853":"ml_mstrw","175197213":"keyvan2595","145400204":"Ye_anonymousy","154186821":"Miss_ph"},"set_owner":"106708898","settings":{"lock_name":"yes","flood_msg_max":"10","lock_photo":"no","flood":"yes","set_name":"🎭ٱږٹڜ⇜ښٲيبڑ\u0601🎭","lock_member":"no"}},"77916608":{"rules":"\n\nقوانین گروه **عشق یخ زده **\nچت آزاد😊😊 \nگذاشتن پست وسط چت ممنوع😁😁\nعکس و فیلم +18ممنوع😡\nدعوت روبات ممنوع 😡\nگذاشتن لینک ممنوع \n*درغیر این صورت گروه مورد تبلیغ منهدم می\u200cشود\nاسپم ممنوع😡⛔️\nاحترام به قوانین گروه احترام به خودتان است\nبا تقدیم  احترام  مدیریت**کیارش دالتون **\n 😊❤❤️❤️😊","moderators":{"83013060":"Wertoy","154536630":"Sajad_w1377","96776877":"Joker_ezraeil","122428247":"Badgirl2001","159745978":"Bad0021","169975536":"kia_Daltons","98700518":"Ban0021"},"set_owner":"169975536","settings":{"lock_name":"yes","flood_msg_max":"12","flood":"yes","lock_photo":"no","set_link":"https://telegram.me/joinchat/CgKoigSk6cBAgW3xLFmdhw","set_name":"💖îçé.Ĺõvè💖","lock_member":"no"}},"90991306":{"moderators":[],"set_owner":135803924,"settings":{"lock_name":"yes","lock_photo":"no","flood":"yes","set_name":"چت","lock_member":"no"}}}
